이름,나이,거주지
노브레끼,31,천안
브레끼,50,강원
빠끄,12,서울
노브레끼,31,천안
브레끼,50,강원
빠끄,12,서울
노브레끼,31,천안
브레끼,50,강원
빠끄,12,서울
노브레끼,31,천안
브레끼,50,강원
빠끄,12,서울
노브레끼,31,천안
브레끼,50,강원
빠끄,12,서울
노브레끼,31,천안
브레끼,50,강원
빠끄,12,서울
노브레끼,31,천안
브레끼,50,강원
빠끄,12,서울
노브레끼,31,천안
브레끼,50,강원
빠끄,12,서울
노브레끼,31,천안
브레끼,50,강원
빠끄,12,서울
노브레끼,31,천안
브레끼,50,강원
빠끄,12,서울
노브레끼,31,천안
브레끼,50,강원
빠끄,12,서울
노브레끼,31,천안
브레끼,50,강원
빠끄,12,서울
노브레끼,31,천안
브레끼,50,강원
빠끄,12,서울
노브레끼,31,천안
브레끼,50,강원
빠끄,12,서울
노브레끼,31,천안
브레끼,50,강원
빠끄,12,서울
노브레끼,31,천안
브레끼,50,강원
빠끄,12,서울
노브레끼,31,천안
브레끼,50,강원
빠끄,12,서울
노브레끼,31,천안
브레끼,50,강원
빠끄,12,서울
노브레끼,31,천안
브레끼,50,강원
빠끄,12,서울
노브레끼,31,천안
브레끼,50,강원
빠끄,12,서울
노브레끼,31,천안
브레끼,50,강원
빠끄,12,서울
노브레끼,31,천안
브레끼,50,강원
빠끄,12,서울
노브레끼,31,천안
브레끼,50,강원
빠끄,12,서울
노브레끼,31,천안
브레끼,50,강원
빠끄,12,서울
노브레끼,31,천안
브레끼,50,강원
빠끄,12,서울
노브레끼,31,천안
브레끼,50,강원
빠끄,12,서울
노브레끼,31,천안
브레끼,50,강원
빠끄,12,서울
노브레끼,31,천안
브레끼,50,강원
빠끄,12,서울
노브레끼,31,천안
브레끼,50,강원
빠끄,12,서울
노브레끼,31,천안
브레끼,50,강원
빠끄,12,서울
빠끄,12,서울
노브레끼,31,천안
브레끼,50,강원
빠끄,12,서울
노브레끼,31,천안
브레끼,50,강원
빠끄,12,서울
노브레끼,31,천안
브레끼,50,강원
빠끄,12,서울
